City_ID,City,Country,Lat,Lng,Max Temp,Humidity,Cloudiness,Wind Speed,Current Description
0,Shetpe,KZ,44.1667,52.1167,30.36,85,100,19.53,overcast clouds
1,Rikitea,PF,-23.1203,-134.9692,78.8,72,100,11.7,overcast clouds
2,Prince Rupert,CA,54.3161,-130.3201,44.29,70,0,14.97,clear sky
3,Avarua,CK,-21.2078,-159.775,80.65,78,20,12.66,few clouds
4,Albany,US,42.6001,-73.9662,21.16,61,5,3.0,clear sky
5,Vanimo,PG,-2.6741,141.3028,77.67,87,98,5.97,overcast clouds
6,Saint George,US,37.1041,-113.5841,53.35,29,0,1.01,clear sky
7,Pacific Grove,US,36.6177,-121.9166,62.31,60,0,1.99,clear sky
8,Kot Addu,PK,30.4692,70.9671,51.66,42,6,7.36,clear sky
9,Ushuaia,AR,-54.8,-68.3,64.06,45,40,14.97,scattered clouds
10,Chuy,UY,-33.6971,-53.4616,71.94,77,90,7.92,overcast clouds
11,Jos,NG,9.9167,8.9,65.75,21,0,8.43,clear sky
12,Puerto Ayora,EC,-0.7393,-90.3518,84.16,85,86,3.0,overcast clouds
13,Inuvik,CA,68.3499,-133.7218,-31.94,68,20,2.3,few clouds
14,Hilo,US,19.7297,-155.09,75.61,83,0,3.44,clear sky
15,Guerrero Negro,MX,27.9769,-114.0611,66.36,24,0,1.45,clear sky
16,Bonito,BR,-21.1211,-56.4819,80.8,74,100,12.15,overcast clouds
17,Mackenzie,CA,55.2999,-123.1698,37.62,56,0,2.3,clear sky
18,Mataura,NZ,-46.1927,168.8643,50.49,92,100,1.07,overcast clouds
19,Bamora,IN,24.0552,78.0909,54.25,38,0,5.35,clear sky
20,Auki,SB,-8.7676,160.7034,79.2,86,57,5.64,broken clouds
21,Mayo,US,38.8876,-76.5119,34.95,46,0,14.0,clear sky
22,Gladstone,AU,-23.85,151.25,73.33,56,100,12.66,overcast clouds
23,Aranos,NA,-24.1333,19.1167,83.46,27,63,14.0,broken clouds
24,Port Macquarie,AU,-31.4333,152.9167,64.36,73,86,14.47,overcast clouds
25,Bredasdorp,ZA,-34.5322,20.0403,70.29,73,100,24.16,overcast clouds
26,Chokurdakh,RU,70.6333,147.9167,-30.15,100,100,1.52,overcast clouds
27,New Norfolk,AU,-42.7826,147.0587,56.71,64,100,1.25,overcast clouds
28,Shamary,RU,57.3434,58.2199,20.03,94,100,8.84,overcast clouds
29,Harper,LR,4.375,-7.7169,80.55,79,27,9.48,scattered clouds
30,Hamilton,US,39.1834,-84.5333,25.95,72,40,1.99,snow
31,Tasiilaq,GL,65.6145,-37.6368,24.96,58,100,9.73,overcast clouds
32,Busselton,AU,-33.65,115.3333,66.04,83,0,7.56,clear sky
33,Ladario,BR,-19.0047,-57.6017,89.89,66,75,6.91,broken clouds
34,Berdigestyakh,RU,62.0989,126.6992,-22.36,100,99,0.92,overcast clouds
35,Emerald,AU,-23.5333,148.1667,69.94,68,0,6.91,clear sky
36,Puerto Del Rosario,ES,28.5004,-13.8627,69.48,68,0,11.5,clear sky
37,Umm Lajj,SA,25.0213,37.2685,65.34,60,0,12.75,clear sky
38,Qaanaaq,GL,77.484,-69.3632,2.34,83,100,4.25,overcast clouds
39,Nome,US,64.5011,-165.4064,1.47,51,0,12.66,clear sky
40,Castro,BR,-24.7911,-50.0119,75.16,81,36,8.75,light rain
41,Agudos,BR,-22.4692,-48.9875,88.05,58,40,8.05,moderate rain
42,Aitape,PG,-3.1374,142.3475,78.1,88,100,6.02,overcast clouds
43,Honiara,SB,-9.4333,159.95,78.96,88,79,0.83,broken clouds
44,Alpena,US,45.0617,-83.4327,22.91,50,0,3.0,clear sky
45,Olafsvik,IS,64.8945,-23.7142,30.29,73,100,20.13,light snow
46,Denham Springs,US,30.4869,-90.9562,48.97,47,0,1.99,clear sky
47,Kovdor,RU,67.5662,30.4758,18.52,87,100,9.04,overcast clouds
48,Hermanus,ZA,-34.4187,19.2345,70.81,77,65,16.84,broken clouds
49,San Juan,AR,-31.5375,-68.5364,69.62,49,95,21.32,overcast clouds
50,Mar Del Plata,AR,-38.0023,-57.5575,64.42,97,100,5.99,moderate rain
51,Punta Arenas,CL,-53.15,-70.9167,66.31,52,75,31.07,light rain
52,Udachnyy,RU,66.4167,112.4,-31.74,100,87,3.22,overcast clouds
53,Hobart,AU,-42.8794,147.3294,57.06,79,40,4.61,scattered clouds
54,Zhigansk,RU,66.7697,123.3711,-30.14,100,100,5.79,overcast clouds
55,Salamanca,ES,40.8333,-6.0,43.99,67,3,9.48,clear sky
56,Thompson,CA,55.7435,-97.8558,-18.24,69,75,3.44,broken clouds
57,Timra,SE,62.487,17.3257,11.91,92,14,3.44,fog
58,Narsaq,GL,60.9167,-46.05,7.02,75,0,5.77,clear sky
59,Souillac,MU,-20.5167,57.5167,80.37,89,75,20.71,light intensity shower rain
60,Rockhampton,AU,-23.3833,150.5,73.29,60,100,12.66,overcast clouds
61,Butaritari,KI,3.0707,172.7902,82.36,70,13,19.37,few clouds
62,Cabo San Lucas,MX,22.8909,-109.9124,73.51,58,0,8.05,clear sky
63,Ukiah,US,39.1502,-123.2078,65.03,57,0,0.0,clear sky
64,Port Alfred,ZA,-33.5906,26.891,70.34,84,99,25.26,light rain
65,Lagoa,PT,39.05,-27.9833,58.69,79,35,18.28,scattered clouds
66,Nantucket,US,41.2835,-70.0995,29.08,69,40,19.57,scattered clouds
67,Tabuk,PH,17.4189,121.4443,68.72,90,98,4.27,overcast clouds
68,Shubarshi,KZ,48.5872,57.1869,26.35,97,100,7.11,overcast clouds
69,Tuatapere,NZ,-46.1333,167.6833,50.83,84,100,2.46,overcast clouds
70,Arinos,BR,-15.9169,-46.1056,82.78,68,100,4.45,overcast clouds
71,Bambous Virieux,MU,-20.3428,57.7575,80.22,89,75,20.71,light intensity shower rain
72,Yellowknife,CA,62.456,-114.3525,-11.58,86,75,6.91,light snow
73,Bethel,US,41.3712,-73.414,27.48,69,75,3.0,broken clouds
74,Ribeira Grande,PT,38.5167,-28.7,63.0,72,40,11.5,scattered clouds
75,Jamestown,US,42.097,-79.2353,19.53,46,40,5.99,scattered clouds
76,Lebu,CL,-37.6167,-73.65,64.22,68,0,20.09,clear sky
77,Georgetown,MY,5.4112,100.3354,80.89,85,20,1.99,few clouds
78,Pangody,RU,65.85,74.4859,-17.61,100,100,3.51,overcast clouds
79,Calama,CL,-22.4667,-68.9333,73.89,9,0,12.66,clear sky
80,Kathmandu,NP,27.7167,85.3167,41.22,93,20,0.0,few clouds
81,Klaksvik,FO,62.2266,-6.589,36.52,76,61,30.06,broken clouds
82,College,US,64.8569,-147.8028,2.59,79,75,4.61,broken clouds
83,Adeje,ES,28.1227,-16.726,70.21,61,0,1.99,clear sky
84,Coihaique,CL,-45.5752,-72.0662,70.41,46,75,8.05,broken clouds
85,Acapulco,MX,16.8634,-99.8901,82.22,69,0,8.05,clear sky
86,San Cristobal,VE,7.7669,-72.225,75.38,69,98,1.72,overcast clouds
87,Altayskoye,RU,51.9533,85.3325,6.4,82,2,5.53,clear sky
88,Bluff,NZ,-46.6,168.3333,50.81,74,94,13.69,overcast clouds
89,Bambanglipuro,ID,-7.95,110.2833,62.6,85,100,4.94,overcast clouds
90,Santa Cruz,BO,-17.8,-63.1667,71.65,94,100,13.8,thunderstorm with light rain
91,Ancud,CL,-41.8697,-73.8203,72.23,59,16,7.16,few clouds
92,Airai,TL,-8.9266,125.4092,60.91,92,100,2.01,overcast clouds
93,Sterling,US,39.0062,-77.4286,34.52,50,40,1.01,scattered clouds
94,Copala,MX,16.65,-98.9833,85.01,43,0,8.63,clear sky
95,Havoysund,NO,70.9963,24.6622,29.28,70,9,32.23,clear sky
96,Caravelas,BR,-17.7125,-39.2481,78.13,79,100,8.9,overcast clouds
97,Zabol,AF,32.25,67.25,45.54,35,100,4.43,overcast clouds
98,Savino,RU,56.5929,41.2181,0.91,100,96,2.04,overcast clouds
99,Glenwood Springs,US,39.5505,-107.3248,34.83,42,0,9.22,clear sky
100,Mangan,IN,27.5167,88.5333,40.21,78,0,9.28,clear sky
101,Ozinki,RU,51.1786,49.6769,21.11,95,100,9.91,light snow
102,Codrington,AU,-38.2667,141.9667,56.17,88,85,8.59,overcast clouds
103,Fuengirola,ES,36.54,-4.6247,61.84,44,20,8.05,few clouds
104,Kyzyl-Suu,KG,42.3414,78.0056,11.89,57,0,14.61,clear sky
105,Zhaotong,CN,27.3167,103.7167,33.93,95,97,5.66,overcast clouds
106,Dumas,US,35.8656,-101.9732,42.12,48,0,23.02,clear sky
107,Ilulissat,GL,69.2167,-51.1,6.82,47,75,11.5,broken clouds
108,Atuona,PF,-9.8,-139.0333,78.82,75,7,23.55,clear sky
109,Chapais,CA,49.7834,-74.8492,-2.42,73,76,10.76,broken clouds
110,Hovd,MN,48.0056,91.6419,-12.77,81,16,2.68,few clouds
111,Lakes Entrance,AU,-37.8811,147.981,52.16,89,0,5.55,clear sky
112,Turukhansk,RU,65.8167,87.9833,-13.07,100,66,2.68,broken clouds
113,Llandrindod Wells,GB,52.2416,-3.3787,48.92,92,100,28.23,heavy intensity rain
114,Saldanha,ZA,-33.0117,17.9442,82.45,73,0,7.45,clear sky
115,Norman Wells,CA,65.282,-126.8329,-7.58,91,99,6.85,overcast clouds
116,Provideniya,RU,64.3833,-173.3,-6.12,86,2,10.87,clear sky
117,Igarka,RU,67.4667,86.5833,-6.7,99,97,5.28,overcast clouds
118,Pevek,RU,69.7008,170.3133,-28.68,99,37,3.47,scattered clouds
119,Lompoc,US,34.6391,-120.4579,70.12,51,0,3.44,clear sky
120,Williams Lake,CA,52.1415,-122.1445,38.77,80,75,2.3,broken clouds
121,Bathsheba,BB,13.2167,-59.5167,83.01,57,20,16.11,few clouds
122,Kahului,US,20.8947,-156.47,77.85,79,20,0.0,few clouds
123,Strai,NO,58.2,7.9,42.64,86,75,1.99,light rain
124,Balsas,BR,-7.5325,-46.0356,85.26,64,93,0.47,overcast clouds
125,Porto Novo,BJ,6.4965,2.6036,84.02,79,0,6.89,clear sky
126,Arraial Do Cabo,BR,-22.9661,-42.0278,87.76,70,0,20.71,thunderstorm
127,Okoneshnikovo,RU,54.8377,75.0834,5.02,86,95,7.72,overcast clouds
128,Coquimbo,CL,-29.9533,-71.3436,72.09,66,2,8.75,clear sky
129,San Patricio,US,28.017,-97.5169,50.16,29,0,4.7,clear sky
130,Gat,IL,31.61,34.7642,52.48,72,77,7.29,broken clouds
131,Worland,US,44.0169,-107.9554,47.55,61,0,1.01,clear sky
132,Srikakulam,IN,18.3,83.9,68.11,56,100,4.21,overcast clouds
133,Saint-Augustin,CA,51.226,-58.6502,5.31,94,100,16.31,light snow
134,East London,ZA,-33.0153,27.9116,67.14,94,20,5.75,light intensity drizzle
135,Cayenne,GF,4.9333,-52.3333,84.24,81,75,5.99,broken clouds
136,Brookhaven,US,31.5791,-90.4407,46.24,36,0,7.83,clear sky
137,Dikson,RU,73.5069,80.5464,-18.2,100,99,3.47,overcast clouds
138,Davenda,RU,53.5556,119.317,-7.67,94,99,4.34,overcast clouds
139,Kruje,AL,41.5092,19.7928,41.02,71,75,2.3,broken clouds
140,Karratha,AU,-20.7377,116.8463,84.33,71,100,6.78,overcast clouds
141,Kodiak,US,57.79,-152.4072,31.51,86,75,5.75,broken clouds
142,Puerto Escondido,MX,15.85,-97.0667,83.23,74,0,6.91,clear sky
143,Touros,BR,-5.1989,-35.4608,88.7,58,3,12.84,clear sky
144,Booue,GA,-0.0921,11.9385,78.93,65,4,2.77,clear sky
145,Nemuro,JP,43.3236,145.575,23.49,73,100,18.1,overcast clouds
146,Cape Town,ZA,-33.9258,18.4232,76.87,59,0,1.99,clear sky
147,Aswan,EG,24.0934,32.907,55.17,44,0,10.98,clear sky
148,Hithadhoo,MV,-0.6,73.0833,82.24,73,100,12.95,overcast clouds
149,Sibolga,ID,1.7427,98.7792,75.54,90,100,3.24,overcast clouds
150,Saskylakh,RU,71.9167,114.0833,-25.74,100,98,3.2,overcast clouds
151,Hofn,IS,64.2539,-15.2082,28.76,55,100,9.98,overcast clouds
152,San Rafael,AR,-34.6177,-68.3301,59.94,66,100,5.06,overcast clouds
153,Aklavik,CA,68.2191,-135.0107,-31.97,66,40,4.61,scattered clouds
154,Kapaa,US,22.0752,-159.319,67.98,94,20,6.91,few clouds
155,Omboue,GA,-1.5746,9.2618,77.43,85,4,5.91,clear sky
156,Nikolskoye,RU,59.7035,30.7861,24.87,94,100,9.95,light snow
157,Nago,JP,26.5881,127.9761,57.27,68,73,13.78,broken clouds
158,Siilinjarvi,FI,63.0833,27.6667,21.22,86,100,9.22,light snow
159,Gagra,GE,43.3283,40.2239,32.92,64,74,5.59,light snow
160,Brest,BY,52.1,23.7,34.07,83,100,17.0,overcast clouds
161,Okha,RU,53.5739,142.9478,4.68,92,100,20.6,overcast clouds
162,Ostrovnoy,RU,68.0531,39.5131,16.25,82,100,31.25,overcast clouds
163,Tavda,RU,58.0425,65.2726,17.58,93,100,4.52,overcast clouds
164,Zabaykalsk,RU,49.6333,117.3167,-7.01,96,66,7.52,broken clouds
165,Tuktoyaktuk,CA,69.4541,-133.0374,-32.8,68,20,11.5,few clouds
166,San Nicolas,PH,18.1725,120.5953,75.11,69,20,6.91,few clouds
167,Kopayhorod,UA,48.8592,27.7969,33.39,85,100,11.79,overcast clouds
168,Khatanga,RU,71.9667,102.5,-31.72,99,99,2.08,overcast clouds
169,Camacupa,AO,-12.0167,17.4833,61.84,80,100,3.33,overcast clouds
170,Vaini,TO,-21.2,-175.2,75.36,100,100,12.66,light rain
171,Naze,JP,28.3667,129.4833,51.01,69,100,16.71,overcast clouds
172,Petropavlovsk-Kamchatskiy,RU,53.0452,158.6483,18.19,58,0,11.18,clear sky
173,Mahebourg,MU,-20.4081,57.7,80.26,89,75,20.71,light intensity shower rain
174,Linjiang,CN,41.8069,126.9078,2.5,99,95,1.52,overcast clouds
175,Pingliang,CN,35.5392,106.6861,18.88,96,100,1.54,light snow
176,Ban Nahin,LA,18.2418,104.2122,57.25,81,32,4.36,scattered clouds
177,Kaitangata,NZ,-46.2817,169.8464,47.7,82,79,5.37,broken clouds
178,Portland,US,45.5234,-122.6762,49.41,87,75,1.01,broken clouds
179,East Foothills,US,37.3811,-121.8175,61.61,56,75,0.0,broken clouds
180,Carnarvon,AU,-24.8667,113.6333,80.67,83,0,10.36,clear sky
181,Vila,PT,42.0304,-8.1588,43.68,89,0,4.81,clear sky
182,Avera,US,33.194,-82.5271,50.92,41,6,7.78,clear sky
183,Saint-Philippe,RE,-21.3585,55.7679,81.99,86,100,21.74,light rain
184,Mana,GF,5.6592,-53.7767,80.8,77,33,10.74,scattered clouds
185,Carrickmacross,IE,53.9728,-6.7189,48.67,79,100,20.27,overcast clouds
186,Te Anau,NZ,-45.4167,167.7167,42.82,88,18,2.39,few clouds
187,Port Elizabeth,ZA,-33.918,25.5701,69.1,83,75,17.27,broken clouds
188,Upernavik,GL,72.7868,-56.1549,-0.85,98,100,4.74,overcast clouds
189,Talnakh,RU,69.4865,88.3972,-17.63,100,100,3.18,overcast clouds
190,Broken Hill,AU,-31.95,141.4333,67.71,42,75,13.8,broken clouds
191,Moose Jaw,CA,50.4001,-105.5344,21.56,93,97,3.44,overcast clouds
192,Sao Filipe,CV,14.8961,-24.4956,74.68,67,0,10.6,clear sky
193,Nanortalik,GL,60.1432,-45.2371,11.75,62,49,20.42,scattered clouds
194,Chernyshevskiy,RU,63.0128,112.4714,-6.56,100,100,2.73,overcast clouds
195,Fethiye,TR,36.6217,29.1164,44.47,58,0,4.41,clear sky
196,Singkang,MY,2.1006,102.7994,78.69,95,100,5.86,overcast clouds
197,Istisu,AZ,40.9457,48.0738,29.07,70,35,5.99,scattered clouds
198,Yaransk,RU,57.3033,47.8861,15.98,98,100,5.03,overcast clouds
199,Phangnga,TH,8.4509,98.5298,80.64,87,90,3.96,overcast clouds
200,Bozoum,CF,6.3193,16.3799,72.93,19,80,3.71,broken clouds
201,Vangaindrano,MG,-23.35,47.6,76.62,95,100,26.46,heavy intensity rain
202,Honningsvag,NO,70.9821,25.9704,29.05,73,20,33.06,few clouds
203,Hami,CN,42.8,93.45,26.55,28,100,11.48,overcast clouds
204,Drinovci,BA,43.355,17.3539,41.63,87,17,4.72,few clouds
205,Bengkulu,ID,-3.8004,102.2655,74.25,96,100,9.01,moderate rain
206,Roald,NO,62.5833,6.1333,39.33,87,75,17.27,light rain
207,Geraldton,AU,-28.7667,114.6,72.01,88,100,0.0,overcast clouds
208,Nowogard,PL,53.6744,15.1163,41.97,75,0,10.36,clear sky
209,Bairiki,KI,1.3292,172.9752,81.75,73,33,19.42,scattered clouds
210,Sawakin,SD,19.1059,37.3321,69.51,59,1,12.39,clear sky
211,Severnyy,RU,50.677,36.5532,21.24,73,0,8.95,snow
212,Sisimiut,GL,66.9395,-53.6735,2.17,91,100,9.44,light snow
213,Shagonar,RU,51.5333,92.8,-20.36,98,92,2.64,overcast clouds
214,Fortuna,US,40.5982,-124.1573,55.92,81,0,3.0,clear sky
215,Knysna,ZA,-34.0363,23.0471,68.38,84,12,10.6,few clouds
216,Talara,PE,-4.5772,-81.2719,88.56,45,0,14.97,clear sky
217,Namibe,AO,-15.1961,12.1522,74.03,69,100,11.56,overcast clouds
218,Chicama,PE,-7.8447,-79.1469,68.54,56,16,11.48,few clouds
219,Nouadhibou,MR,20.931,-17.0347,69.78,78,0,14.97,clear sky
220,Dax,FR,43.75,-1.1667,47.28,89,2,2.3,clear sky
221,Plettenberg Bay,ZA,-34.0527,23.3716,69.06,83,6,13.78,clear sky
222,Grand Gaube,MU,-20.0064,57.6608,80.38,80,100,10.0,overcast clouds
223,Salalah,OM,17.0151,54.0924,77.09,69,75,3.44,broken clouds
224,Barrow,US,71.2906,-156.7887,-12.98,70,75,12.66,broken clouds
225,Iqaluit,CA,63.7506,-68.5145,-24.07,62,75,0.0,broken clouds
226,Fuerte Olimpo,PY,-21.0415,-57.8738,89.28,48,100,12.33,overcast clouds
227,Namwala,ZM,-15.7504,26.4384,67.3,93,100,1.9,moderate rain
228,Beian,NO,63.6559,9.5683,35.01,69,75,19.57,broken clouds
229,Walvis Bay,NA,-22.9575,14.5053,70.75,73,33,3.44,light rain
230,Decines-Charpieu,FR,45.7686,4.9598,42.64,70,0,6.91,clear sky
231,Flin Flon,CA,54.7682,-101.865,-11.36,64,75,5.75,broken clouds
232,Banda Aceh,ID,5.5577,95.3222,79.05,78,100,4.92,overcast clouds
233,Agadez,NE,19.75,10.25,57.99,23,0,4.21,clear sky
234,Williamsburg,US,37.2707,-76.7075,41.05,42,0,3.0,clear sky
235,Diffa,NE,13.3154,12.6113,66.78,19,0,7.94,clear sky
236,Batagay-Alyta,RU,67.8006,130.4114,-25.98,99,94,3.78,overcast clouds
237,Shahrud,IR,36.4182,54.9763,35.62,71,100,4.38,overcast clouds
238,Prince George,CA,53.9166,-122.753,41.61,59,0,13.8,clear sky
239,Kavaratti,IN,10.5669,72.642,78.69,61,30,9.55,scattered clouds
240,Karasjok,NO,69.4719,25.5112,23.11,92,100,17.52,light snow
241,Atibaia,BR,-23.131,-46.589,85.32,89,98,4.97,overcast clouds
242,Port Hardy,CA,50.6996,-127.4199,41.76,93,75,4.61,broken clouds
243,Cherskiy,RU,68.75,161.3,-32.93,96,12,1.41,few clouds
244,Anadyr,RU,64.75,177.4833,-5.3,77,0,20.13,clear sky
245,Kungurtug,RU,50.5994,97.5228,-13.56,96,47,1.41,scattered clouds
246,Canning,IN,22.3189,88.6714,60.82,57,0,6.98,clear sky
247,Shadegan,IR,30.6497,48.6647,58.91,43,0,8.52,clear sky
248,Saint-Pierre,RE,-21.3393,55.4781,82.08,69,100,13.8,overcast clouds
249,Malmesbury,ZA,-33.4608,18.7271,75.54,37,0,6.04,clear sky
250,Lorengau,PG,-2.0226,147.2712,80.64,77,64,7.56,broken clouds
251,Lata,PT,40.1629,-8.3327,53.08,78,0,4.29,clear sky
252,Dongsheng,CN,39.8161,109.9776,12.76,44,17,5.55,few clouds
253,Toucheng,TW,24.8592,121.8233,59.45,88,100,10.09,overcast clouds
254,Aripuana,BR,-9.1667,-60.6333,81.32,90,74,2.24,broken clouds
255,Americus,US,32.0724,-84.2327,50.95,34,0,6.91,clear sky
256,Fort Nelson,CA,58.8053,-122.7002,-4.41,77,75,4.61,broken clouds
257,Torbay,CA,47.6666,-52.7314,49.75,94,100,23.02,moderate rain
258,Vila Do Maio,CV,15.1333,-23.2167,79.59,82,0,12.3,clear sky
259,Vila Velha,BR,-20.3297,-40.2925,84.15,80,40,8.01,scattered clouds
260,Praia,CV,14.9215,-23.5087,79.34,41,0,17.27,clear sky
261,Verkhoyansk,RU,67.5447,133.385,-45.4,100,71,1.77,broken clouds
262,Neiafu,TO,-18.65,-173.9833,79.48,94,100,4.61,overcast clouds
263,Tomatlan,MX,19.9333,-105.25,86.92,33,9,9.19,clear sky
264,Dibulla,CO,11.2725,-73.3091,84.22,62,15,13.02,few clouds
265,Luis Correia,BR,-2.8792,-41.6669,87.8,74,40,13.8,scattered clouds
266,Olden,NO,61.8364,6.8064,36.27,93,100,11.77,light rain
267,Gravdal,NO,68.1214,13.5031,38.39,81,100,36.55,light rain
268,Yekaterinovka,RU,52.0508,44.3451,10.02,98,83,7.4,broken clouds
269,Halifax,CA,44.6453,-63.5724,25.21,89,100,8.01,overcast clouds
270,Ouallam,NE,14.3188,2.0866,73.54,11,0,10.96,clear sky
271,Raudeberg,NO,61.9875,5.1352,38.19,93,100,5.01,overcast clouds
272,Kudahuvadhoo,MV,2.6708,72.8944,81.63,70,24,9.44,few clouds
273,Bonfim,BR,3.0833,-59.95,91.02,44,100,6.04,overcast clouds
274,Mabaruma,GY,8.2,-59.7833,81.75,70,61,6.15,broken clouds
275,Roebourne,AU,-20.7833,117.1333,84.09,73,100,5.59,overcast clouds
276,Gari,RU,59.4307,62.3497,17.38,98,100,4.59,overcast clouds
277,Faya,SA,18.3851,42.4509,55.51,77,3,3.51,clear sky
278,Capitao Poco,BR,-1.7464,-47.0594,79.5,89,100,6.8,overcast clouds
279,Bar Harbor,US,44.3876,-68.2039,20.91,73,100,3.0,overcast clouds
280,Puerto Penasco,MX,31.3167,-113.5333,58.91,40,8,4.0,clear sky
281,Rameswaram,IN,9.2833,79.3,79.83,75,100,20.92,overcast clouds
282,Coahuayana,MX,18.7333,-103.6833,85.48,37,9,7.87,clear sky
283,Whitehorse,CA,60.7161,-135.0538,13.8,85,75,12.66,broken clouds
284,Tateyama,JP,34.9833,139.8667,32.02,69,75,6.91,broken clouds
285,Terney,RU,45.0503,136.6092,2.53,80,69,13.51,broken clouds
286,Kedrovyy,RU,56.1667,91.8167,25.21,81,100,9.06,overcast clouds
287,Camacha,PT,33.0833,-16.3333,63.54,82,20,20.71,few clouds
288,Lavrentiya,RU,65.5833,-171.0,-17.64,93,18,9.48,few clouds
289,Dudinka,RU,69.4058,86.1778,-20.04,100,94,3.44,overcast clouds
290,Leningradskiy,RU,69.3833,178.4167,-22.18,96,7,4.36,clear sky
291,Jumla,NP,29.2747,82.1838,25.56,70,2,5.77,clear sky
292,Jacqueville,CI,5.2052,-4.4146,84.11,82,19,13.42,few clouds
293,Situbondo,ID,-7.7062,114.0098,75.94,88,72,4.12,broken clouds
294,Whitecourt,CA,54.1502,-115.6855,34.84,80,75,11.5,broken clouds
295,Beringovskiy,RU,63.05,179.3167,-9.99,92,18,14.5,few clouds
296,Slave Lake,CA,55.2834,-114.769,13.98,92,100,9.22,overcast clouds
297,Kruisfontein,ZA,-34.0033,24.7314,66.88,83,45,19.66,scattered clouds
298,Birao,CF,10.2849,22.7882,74.1,16,46,7.45,scattered clouds
299,Cidreira,BR,-30.1811,-50.2056,73.99,94,100,8.93,overcast clouds
300,Port Blair,IN,11.6667,92.75,80.64,83,20,2.3,mist
301,Severo-Kurilsk,RU,50.6789,156.125,28.36,94,100,5.46,light snow
302,Hasaki,JP,35.7333,140.8333,21.6,35,7,9.44,clear sky
303,Kawalu,ID,-7.3817,108.2082,73.33,95,88,2.59,overcast clouds
304,Daitari,IN,21.1,85.75,59.27,32,100,3.44,overcast clouds
305,Lock Haven,US,41.137,-77.4469,24.91,54,100,11.56,overcast clouds
306,Novoagansk,RU,61.9449,76.6625,3.22,96,100,2.3,overcast clouds
307,Kapit,MY,2.0167,112.9333,73.22,100,100,1.34,light rain
308,Pierre,US,44.3683,-100.351,54.52,33,0,1.99,clear sky
309,Sitka,US,57.0531,-135.33,42.69,81,100,13.8,moderate rain
310,Brae,GB,60.3964,-1.353,40.91,62,100,37.33,overcast clouds
311,Lamu,KE,-2.2717,40.902,79.02,86,100,8.97,overcast clouds
312,Yuanping,CN,38.7153,112.7575,24.6,31,12,4.52,few clouds
313,Nieves,PH,15.3274,120.9485,73.74,79,100,4.94,overcast clouds
314,Zhangjiakou,CN,40.81,114.8794,11.52,69,3,4.76,snow
315,Marzuq,YE,14.4,46.4667,67.75,40,20,4.56,few clouds
316,Alegrete,BR,-29.7831,-55.7919,94.77,23,10,17.58,clear sky
317,Haines Junction,CA,60.7522,-137.5108,8.55,92,100,4.61,overcast clouds
318,Juegang,CN,32.3174,121.1855,32.92,56,9,7.56,clear sky
319,Lazaro Cardenas,MX,17.9583,-102.2,82.96,51,0,7.67,clear sky
320,San Jose,US,37.3394,-121.895,62.26,57,75,0.0,broken clouds
321,Yerbogachen,RU,61.2767,108.0108,8.4,97,100,4.38,overcast clouds
322,Areosa,PT,41.7178,-8.8571,56.25,75,0,10.94,clear sky
323,Tobermory,CA,45.2501,-81.6665,15.31,65,23,4.68,few clouds
324,Ponta Do Sol,PT,32.6667,-17.1,70.12,41,0,10.65,clear sky
325,Paamiut,GL,61.994,-49.6678,-0.87,85,73,7.61,broken clouds
326,Tucupita,VE,9.0622,-62.051,92.93,37,31,7.76,scattered clouds
327,Khudumelapye,BW,-23.8833,24.75,74.16,58,100,8.55,overcast clouds
328,Salantai,LT,56.0667,21.5667,38.7,89,75,15.14,broken clouds
329,Muros,ES,42.7762,-9.0603,50.85,73,0,14.65,clear sky
330,Phan Thiet,VN,10.9333,108.1,72.1,72,91,8.32,overcast clouds
331,Kibala,TD,9.1104,18.3463,84.15,20,0,0.0,clear sky
332,Segezha,RU,63.7415,34.3222,16.54,90,100,17.16,light snow
333,Iskateley,RU,67.6803,53.1512,-6.21,98,85,9.95,overcast clouds
334,Alamosa,US,37.4695,-105.87,38.66,78,0,3.44,clear sky
335,Aromashevo,RU,56.8602,68.6375,15.08,85,100,7.02,overcast clouds
336,Marsa Matruh,EG,31.3525,27.2453,53.8,76,75,6.91,broken clouds
337,Kanadey,RU,53.1679,47.5264,26.46,97,100,3.67,overcast clouds
338,Rabo De Peixe,PT,37.8,-25.5833,62.28,81,20,14.97,few clouds
339,Shelburne,CA,44.0787,-80.2041,17.13,67,36,4.79,scattered clouds
340,Abu Dhabi,AE,24.4667,54.3667,71.71,80,75,1.01,broken clouds
341,Pisco,PE,-13.7,-76.2167,71.02,83,75,9.22,mist
342,Kavieng,PG,-2.5744,150.7967,81.19,78,30,5.19,scattered clouds
343,Nishihara,JP,26.1842,127.7558,56.48,62,75,19.57,broken clouds
344,Kimbe,PG,-5.5502,150.1429,77.63,87,100,3.24,overcast clouds
345,Luderitz,NA,-26.6481,15.1594,68.77,76,96,4.99,overcast clouds
346,Krasnoselkup,RU,65.7,82.4667,-12.28,100,87,6.49,overcast clouds
347,Antsohihy,MG,-14.8796,47.9875,71.56,94,100,6.17,light rain
348,Bulgan,MN,48.8125,103.5347,-3.24,87,43,4.54,scattered clouds
349,Sanghar,PK,26.0466,68.9481,62.67,22,0,7.4,clear sky
350,Abashiri,JP,44.0213,144.2697,21.94,90,100,13.42,light snow
351,Tuy Hoa,VN,13.0833,109.3,71.78,88,100,12.41,overcast clouds
352,Kashi,CN,39.4547,75.9797,30.25,74,75,8.95,broken clouds
353,Oistins,BB,13.0667,-59.5333,82.49,57,20,16.11,few clouds
354,Bonnyville,CA,54.2668,-110.735,-0.6,89,100,9.84,overcast clouds
355,Bonthe,SL,7.5264,-12.505,80.24,74,91,10.36,overcast clouds
356,Kanniyakumari,IN,8.0833,77.5667,78.58,78,98,9.31,overcast clouds
357,Mindelo,CV,16.8901,-24.9804,74.75,60,0,23.02,clear sky
358,Waitati,NZ,-45.75,170.5667,52.81,76,6,3.87,clear sky
359,Marystown,CA,47.1666,-55.1483,43.86,100,100,1.01,overcast clouds
360,Gigmoto,PH,13.7796,124.39,76.71,84,82,15.5,broken clouds
361,Soskovo,RU,52.7475,35.3828,19.18,95,100,13.09,snow
362,Vostok,RU,46.4856,135.8833,-11.04,99,100,3.24,overcast clouds
363,Quesnel,CA,52.9999,-122.5029,28.9,100,40,2.3,mist
364,Oranjestad,AW,12.524,-70.027,82.35,57,20,17.27,few clouds
365,Los Llanos De Aridane,ES,28.6585,-17.9182,65.12,83,0,13.8,clear sky
366,Russkaya Polyana,UA,49.417,31.9201,30.22,98,100,12.15,snow
367,Yulara,AU,-25.2406,130.9889,67.84,52,0,6.91,clear sky
368,Clyde River,CA,70.4692,-68.5914,-25.37,68,40,11.5,scattered clouds
369,Tanggu,CN,39.0211,117.6469,31.96,42,57,9.15,broken clouds
370,Srandakan,ID,-7.9386,110.2506,62.73,84,100,5.17,overcast clouds
371,Broome,US,42.2506,-75.833,19.71,67,75,4.0,broken clouds
372,Boysun,UZ,38.2061,67.1986,40.1,90,100,6.87,moderate rain
373,Alofi,NU,-19.0595,-169.9187,75.09,100,100,3.44,overcast clouds
374,Nabire,ID,-3.3667,135.4833,75.15,93,98,3.04,overcast clouds
375,Bayan,CN,46.0833,127.4,-13.5,100,90,3.74,overcast clouds
376,Tazovskiy,RU,67.4667,78.7,-5.21,100,93,7.43,overcast clouds
377,Kirakira,SB,-10.4544,161.9205,81.1,84,100,4.81,overcast clouds
378,Luwuk,ID,-0.9516,122.7875,76.8,87,100,3.18,overcast clouds
379,Houma,US,29.5958,-90.7195,46.99,53,0,14.97,clear sky
380,Mandalgovi,MN,45.7625,106.2708,2.59,74,0,6.4,clear sky
381,Caluquembe,AO,-13.7833,14.6833,60.19,67,100,2.48,overcast clouds
382,Faanui,PF,-16.4833,-151.75,81.09,72,12,18.68,few clouds
383,Constantine,DZ,36.365,6.6147,51.21,76,75,10.36,broken clouds
384,Vardo,NO,70.3705,31.1107,26.62,78,100,26.44,overcast clouds
385,Ambilobe,MG,-13.2,49.05,73.87,94,100,4.54,light rain
386,Oussouye,SN,12.485,-16.5469,98.78,34,5,9.48,clear sky
387,Northam,GB,51.0333,-4.2167,51.42,86,100,30.06,overcast clouds
388,Adrar,MR,20.5022,-10.0711,72.72,7,0,8.63,clear sky
389,Atar,MR,20.5169,-13.0499,80.92,8,0,7.63,clear sky
390,Vila Franca Do Campo,PT,37.7167,-25.4333,63.19,77,74,12.26,broken clouds
391,Saint Anthony,US,45.0205,-93.218,16.25,59,75,5.99,broken clouds
392,Longyearbyen,SJ,78.2186,15.6401,10.24,61,20,23.02,few clouds
393,Half Moon Bay,US,37.4636,-122.4286,62.19,65,0,3.44,haze
394,Kargopol,RU,61.5071,38.9456,6.87,94,56,6.82,broken clouds
395,Khuzhir,RU,53.1939,107.3397,13.26,92,100,2.48,overcast clouds
396,Escondido,US,33.1192,-117.0864,71.01,18,0,3.0,clear sky
397,Vestmannaeyjar,IS,63.4427,-20.2734,38.39,44,0,5.75,clear sky
398,Mangrol,IN,21.1167,70.1167,66.54,69,0,5.53,clear sky
399,Sioux Lookout,CA,50.1001,-91.917,5.38,72,100,11.5,overcast clouds
400,Sargatskoye,RU,55.6101,73.4972,10.02,83,100,7.9,overcast clouds
401,Trenggalek,ID,-8.05,111.7167,74.88,87,58,2.75,broken clouds
402,Zamora,EC,-4.0692,-78.9567,81.64,81,73,0.47,light rain
403,Evensk,RU,61.95,159.2333,15.46,41,12,21.77,few clouds
404,Ardakan,IR,32.31,54.0175,48.58,21,0,4.61,clear sky
405,Waingapu,ID,-9.6567,120.2641,78.6,88,100,7.11,overcast clouds
406,Oudtshoorn,ZA,-33.5907,22.2014,64.76,66,13,2.77,few clouds
407,Mehamn,NO,71.0357,27.8492,22.48,83,5,22.17,clear sky
408,Bundaberg,AU,-24.85,152.35,68.29,76,29,5.01,scattered clouds
409,Rosarito,MX,32.3333,-117.0333,68.63,23,0,1.28,clear sky
410,Ligayan,PH,4.6533,119.4706,80.26,81,97,9.66,overcast clouds
411,Asosa,ET,10.0667,34.5333,65.32,31,46,5.12,scattered clouds
412,Kiunga,PG,-6.1219,141.2906,72.28,100,100,2.66,overcast clouds
413,Neuquen,AR,-38.9516,-68.0591,75.09,38,40,2.3,scattered clouds
414,Dalbandin,PK,28.8947,64.4101,60.66,25,0,11.79,clear sky
415,Kholm-Zhirkovskiy,RU,55.5189,33.4731,19.18,95,100,11.25,snow
416,Victoria,HK,22.2855,114.1577,61.25,82,100,1.01,overcast clouds
417,Buchanan,LR,5.8808,-10.0467,84.16,80,76,8.57,broken clouds
418,Whyalla,AU,-33.0333,137.5833,64.29,82,100,0.0,overcast clouds
419,Cabinda,AO,-5.55,12.2,78.37,85,40,8.01,scattered clouds
420,Murindo,CO,6.9848,-76.7544,87.08,57,74,5.84,broken clouds
421,Svetlogorsk,BY,52.6333,29.7333,33.58,86,100,15.93,overcast clouds
422,Tiksi,RU,71.6872,128.8694,-22.4,98,85,7.81,overcast clouds
423,Kismayo,SO,-0.3582,42.5454,78.4,80,95,11.97,overcast clouds
424,Murgab,TM,37.4966,61.9714,53.47,54,75,20.71,light intensity shower rain
425,Zalantun,CN,48.0,122.7167,-2.85,88,89,6.06,overcast clouds
426,Palomares,MX,17.15,-95.0667,57.85,69,99,15.61,overcast clouds
427,Sao Jose Da Coroa Grande,BR,-8.8978,-35.1478,82.94,60,85,10.11,overcast clouds
428,Tommot,RU,58.9564,126.2925,-11.38,100,100,2.73,overcast clouds
429,Barinas,VE,8.6226,-70.2075,92.89,35,40,6.91,scattered clouds
430,Samarai,PG,-10.6167,150.6667,79.95,82,100,8.81,overcast clouds
431,Abaza,RU,52.655,90.0928,5.41,86,11,5.39,few clouds
432,Kasungu,MW,-13.0333,33.4833,63.54,96,82,3.91,broken clouds
433,Cabedelo,BR,-6.9811,-34.8339,86.67,65,7,11.3,clear sky
434,Melo,UY,-32.3667,-54.1833,82.51,41,100,12.88,overcast clouds
435,Totness,SR,5.8833,-56.3167,80.89,74,43,11.52,heavy intensity rain
436,Port Hedland,AU,-20.3167,118.5667,84.25,79,40,4.61,scattered clouds
437,Sur,OM,22.5667,59.5289,72.73,52,0,6.67,clear sky
438,Hirara,JP,24.8,125.2833,62.19,68,100,18.81,overcast clouds
439,Korla,CN,41.7597,86.1469,24.69,41,96,8.79,overcast clouds
440,Pakokku,MM,21.3333,95.1,69.71,51,0,11.21,clear sky
441,Bima,ID,-8.4667,118.7167,77.07,94,100,3.2,overcast clouds
442,Harer,ET,9.3094,42.1258,61.38,14,12,9.8,few clouds
443,Mugur-Aksy,RU,50.35,90.5,-9.71,58,0,6.13,clear sky
444,Abu Samrah,SY,35.3029,37.1841,44.56,80,0,7.38,clear sky
445,Zakamensk,RU,50.3741,103.2863,-5.73,97,73,3.76,broken clouds
446,Constitucion,CL,-35.3333,-72.4167,71.51,55,7,17.07,clear sky
447,Centralia,US,46.7162,-122.9543,46.76,85,100,4.61,overcast clouds
448,Tarata,BO,-17.6167,-66.0167,74.62,54,99,9.44,overcast clouds
449,General Pico,AR,-35.6566,-63.7568,73.33,36,99,14.81,overcast clouds
450,Waterloo,CA,43.4668,-80.5164,20.32,40,0,3.44,clear sky
451,Sao Joao Da Barra,BR,-21.6403,-41.0511,86.09,81,38,25.84,scattered clouds
452,Diphu,IN,25.8333,93.4333,51.48,98,26,1.19,scattered clouds
453,Barra Dos Coqueiros,BR,-10.9089,-37.0386,86.02,62,20,12.66,few clouds
454,Estevan,CA,49.1334,-102.9842,34.14,93,100,7.31,fog
455,Staryy Nadym,RU,65.6118,72.6842,-17.82,100,100,1.66,overcast clouds
456,Bugene,TZ,-1.5911,31.1403,59.65,92,100,4.94,light rain
457,Mount Gambier,AU,-37.8333,140.7667,58.91,82,40,6.91,scattered clouds
458,Mount Isa,AU,-20.7333,139.5,74.97,41,0,5.75,clear sky
459,Jinchang,CN,38.4953,102.1739,16.23,85,100,5.86,overcast clouds
460,Benoy,TD,8.9833,16.3199,78.17,15,27,5.41,scattered clouds
461,Seoul,KR,37.5683,126.9778,22.44,64,0,2.3,clear sky
462,Asau,RO,46.4333,26.4,37.96,87,98,1.7,overcast clouds
463,Fairbanks,US,64.8378,-147.7164,2.61,79,75,4.61,broken clouds
464,Bilibino,RU,68.0546,166.4372,-15.23,94,13,4.72,few clouds
465,Bilma,NE,18.6853,12.9164,63.46,18,0,4.61,clear sky
466,Nanyuki,KE,0.0167,37.0728,59.9,69,100,2.21,overcast clouds
467,Shirokiy,RU,49.758,129.523,-20.81,100,95,3.78,overcast clouds
468,Mocuba,MZ,-16.8392,36.9856,71.89,94,19,2.28,few clouds
469,Horqueta,PY,-23.3428,-57.0597,78.62,84,100,11.5,light rain
470,Juneau,US,58.3019,-134.4197,38.84,99,100,10.0,snow
471,Albanel,CA,48.8832,-72.4487,1.54,46,54,9.22,broken clouds
472,Pitimbu,BR,-7.4706,-34.8086,86.59,63,19,10.63,few clouds
473,Lithakia,GR,37.7167,20.8333,54.59,87,100,5.84,overcast clouds
474,Kuruman,ZA,-27.4524,23.4325,72.99,53,95,12.91,overcast clouds
475,Khorixas,NA,-20.3667,14.9667,73.54,44,100,18.21,overcast clouds
476,Phonhong,LA,18.5007,102.4166,66.2,91,100,1.48,overcast clouds
477,Bartica,GY,6.4,-58.6167,77.32,93,96,3.87,overcast clouds
478,Muzhi,RU,65.3667,64.6667,-14.46,100,52,1.88,broken clouds
479,Aksarka,RU,66.5606,67.7975,-18.0,100,62,3.94,broken clouds
480,Anju,KP,39.6178,125.6647,8.53,87,12,1.61,few clouds
481,Mumford,GH,5.2618,-0.759,80.92,82,4,10.69,clear sky
482,Bousso,TD,10.4795,16.7117,76.91,16,93,7.65,overcast clouds
483,Kenai,US,60.5544,-151.2583,27.09,93,100,9.22,light snow
484,Mezen,RU,65.8522,44.24,9.75,89,100,12.82,overcast clouds
485,Katherine,AU,-14.4667,132.2667,75.52,94,100,0.0,overcast clouds
486,Illela,NG,13.7292,5.2975,72.12,13,0,11.1,clear sky
487,El Tigre,VE,8.8875,-64.2454,92.14,29,17,8.01,few clouds
488,Alice Springs,AU,-23.7,133.8833,58.55,94,0,5.75,clear sky
489,Viedma,AR,-40.8135,-62.9967,63.45,48,99,15.37,overcast clouds
490,Doha,QA,25.2867,51.5333,66.18,50,0,13.8,clear sky
491,Rocha,UY,-34.4833,-54.3333,71.65,73,98,12.71,overcast clouds
492,Hualmay,PE,-11.0964,-77.6139,75.94,69,26,12.01,scattered clouds
493,Mpulungu,ZM,-8.7623,31.1141,71.87,76,100,1.14,overcast clouds
494,Mandera,KE,3.9366,41.867,85.73,18,100,7.07,overcast clouds
495,Olenino,RU,56.2092,33.4889,18.54,95,100,9.82,light snow
496,Maldonado,UY,-34.6667,-54.9167,76.39,70,61,14.7,broken clouds
497,Naron,ES,43.5167,-8.1528,52.02,79,0,9.13,clear sky
498,Mosetse,BW,-20.75,26.65,73.09,59,77,14.03,broken clouds
499,Truth Or Consequences,US,33.1284,-107.2528,40.91,42,0,3.44,clear sky
500,Ossora,RU,59.2353,163.0719,13.37,89,100,9.51,overcast clouds
501,Salinopolis,BR,-0.6136,-47.3561,79.72,83,100,10.98,overcast clouds
502,El Alto,PE,-4.2714,-81.2147,85.66,67,28,11.92,scattered clouds
503,Dubai,AE,25.2582,55.3047,75.22,53,0,3.44,clear sky
504,Metkovic,HR,43.0542,17.6483,46.87,84,15,3.76,few clouds
505,Derzhavinsk,KZ,51.1,66.3167,17.15,76,100,15.55,overcast clouds
506,Bobrov,RU,51.0961,40.0333,-1.03,100,58,4.59,broken clouds
507,Chojnow,PL,51.2737,15.9366,39.96,74,100,16.17,overcast clouds
508,Inirida,CO,3.8653,-67.9239,84.36,69,96,4.68,overcast clouds
509,Dunedin,NZ,-45.8742,170.5036,52.81,76,39,1.99,scattered clouds
510,Mega,ET,4.05,38.3,69.03,20,100,5.53,overcast clouds
511,Iskilip,TR,40.7353,34.4739,21.43,91,99,3.15,overcast clouds
512,Yanam,IN,16.7333,82.2167,70.11,80,8,4.03,light rain
513,Joensuu,FI,62.6012,29.7632,22.26,91,100,1.99,light snow
514,Vao,NC,-22.6667,167.4833,79.84,86,85,8.5,overcast clouds
515,Santa Rosa,PH,14.3122,121.1114,78.78,72,93,14.56,overcast clouds
516,Mareeba,AU,-17.0,145.4333,71.44,95,99,1.88,overcast clouds
517,Sulangan,PH,11.1373,123.7228,79.95,74,81,19.53,broken clouds
518,Umm Kaddadah,SD,13.6017,26.6876,61.16,18,100,15.82,overcast clouds
519,Sokoto,NG,13.0609,5.239,73.44,13,0,10.76,clear sky
520,Sept-Iles,CA,50.2001,-66.3821,10.06,45,75,1.01,broken clouds
521,Aviles,ES,43.5547,-5.9248,50.74,78,0,2.3,clear sky
522,Kununurra,AU,-15.7667,128.7333,78.78,94,100,3.44,overcast clouds
523,Tura,IN,25.5198,90.2201,49.86,91,1,1.72,clear sky
524,Chamalieres,FR,45.7756,3.0631,38.25,70,75,2.3,broken clouds
525,Sola,VU,-13.8833,167.55,75.87,100,100,0.0,overcast clouds
526,Alto Araguaia,BR,-17.3147,-53.2153,83.16,64,23,7.14,few clouds
527,Opuwo,NA,-18.0607,13.84,74.37,41,96,9.6,overcast clouds
528,Luanda,AO,-8.8368,13.2343,80.6,69,20,8.05,few clouds
529,Katsuura,JP,35.1333,140.3,32.11,50,8,7.14,clear sky
530,Ayagoz,KZ,47.9714,80.4392,-2.2,86,1,8.12,clear sky
531,Arroio Grande,BR,-32.2375,-53.0869,85.39,43,36,8.63,scattered clouds
532,Mnogovershinnyy,RU,53.9353,139.9242,-2.22,90,100,6.22,overcast clouds
533,Inongo,CD,-1.95,18.2667,76.3,78,71,6.08,broken clouds
534,Bara,NG,10.3744,10.7288,72.86,21,0,8.12,clear sky
535,Sorland,NO,67.667,12.6934,39.27,76,100,32.26,overcast clouds
536,Sousa,BR,-6.7592,-38.2281,95.02,29,66,7.0,broken clouds
537,Ugoofaaru,MV,5.6667,73.0,80.82,71,11,8.63,few clouds
538,Concepcion Del Uruguay,AR,-32.4825,-58.2372,77.99,58,60,8.99,broken clouds
539,Marrakesh,MA,31.6315,-8.0083,69.87,35,40,6.91,scattered clouds
540,Salgueiro,BR,-8.0742,-39.1192,94.03,26,37,12.84,scattered clouds
541,Gisborne,NZ,-38.6533,178.0042,64.94,87,100,5.44,overcast clouds
542,Yola,NG,9.2,12.4833,77.72,13,2,5.23,clear sky
543,Flinders,AU,-34.5833,150.8552,68.38,81,99,7.0,light rain
544,Yelniki,RU,54.6207,43.876,1.74,100,98,3.33,overcast clouds
545,Portsmouth,GB,50.799,-1.0913,51.49,90,100,10.0,overcast clouds
546,Oktyabrskiy,RU,54.4815,53.471,20.37,97,100,2.04,light snow
547,Moose Factory,CA,51.2585,-80.6094,1.4,50,0,13.8,clear sky
548,Falmouth,GB,50.1544,-5.0711,50.9,80,100,27.09,overcast clouds
549,Taiyuan,CN,37.8694,112.5603,13.86,52,0,2.24,clear sky
550,Erdenet,MN,49.0333,104.0833,-3.62,93,100,4.7,overcast clouds
551,Tigil,RU,57.8,158.6667,7.56,82,91,7.83,overcast clouds
552,Port Lincoln,AU,-34.7333,135.8667,66.94,80,100,15.12,overcast clouds
553,Yarensk,RU,62.1675,49.0916,-2.24,99,49,3.62,scattered clouds
554,Tiznit,MA,29.5833,-9.5,63.46,32,51,2.59,broken clouds
555,Rawson,AR,-43.3002,-65.1023,63.0,44,0,11.16,clear sky
556,Bubaque,GW,11.2833,-15.8333,78.64,62,0,13.78,clear sky
557,Takoradi,GH,4.8845,-1.7554,80.8,81,12,10.76,few clouds
558,Lichuan,CN,30.3,108.85,29.52,92,100,4.34,light snow
559,Tarko-Sale,RU,64.9225,77.785,-14.89,100,87,4.59,overcast clouds
560,Mancheral,IN,18.8667,79.4333,65.16,27,49,4.7,scattered clouds
561,Cabras,IT,39.93,8.5314,51.08,80,100,8.75,overcast clouds
562,Goundam,ML,16.4145,-3.6708,73.69,9,0,9.4,clear sky
563,Kampong Thum,KH,12.7111,104.8887,74.55,62,23,10.36,few clouds
564,Bealanana,MG,-14.55,48.7333,62.15,97,100,4.38,overcast clouds
565,Dubbo,AU,-32.25,148.6167,57.33,77,75,9.22,broken clouds
566,Conde,BR,-7.2597,-34.9075,85.46,66,40,11.5,scattered clouds
567,Khasan,RU,42.4308,130.6434,11.68,58,5,18.99,clear sky
568,Helong,CN,42.5397,128.9972,3.97,76,28,8.32,scattered clouds
569,Odesskoye,RU,54.2111,72.9651,3.07,85,100,7.61,overcast clouds
570,Berlevag,NO,70.8578,29.0864,23.77,84,99,26.44,overcast clouds
571,Sungairaya,ID,0.7,108.9,76.89,92,100,7.2,overcast clouds
572,Traverse City,US,44.7631,-85.6206,23.61,62,100,3.0,overcast clouds
573,Fort Saint James,CA,54.4333,-124.25,38.75,79,60,8.1,broken clouds
574,Deputatskiy,RU,69.3,139.9,-29.85,97,91,3.11,overcast clouds
575,Kalmunai,LK,7.4167,81.8167,75.16,78,68,6.69,broken clouds
576,Ulladulla,AU,-35.35,150.4667,64.87,76,99,10.54,overcast clouds
577,Ixtapa,MX,20.7,-105.2,86.81,37,10,6.93,clear sky
578,Kabanjahe,ID,3.1001,98.4908,63.36,95,100,0.29,overcast clouds
579,Igrim,RU,63.1906,64.4162,-9.18,100,92,4.05,overcast clouds
580,Huarmey,PE,-10.0681,-78.1522,76.98,70,12,12.26,few clouds
581,Pemangkat,ID,1.1667,108.9667,78.17,87,100,7.76,overcast clouds
582,Plock,PL,52.5468,19.7064,37.36,78,68,14.16,broken clouds
583,Redlands,US,34.0556,-117.1825,67.48,15,0,0.0,clear sky
584,Lere,NG,10.387,8.5726,71.78,19,0,9.28,clear sky
585,Maragogi,BR,-9.0122,-35.2225,82.85,60,100,10.56,overcast clouds
586,Manta,EC,-0.95,-80.7333,80.38,83,75,11.5,broken clouds
587,Fairview,US,40.8126,-73.999,30.47,59,65,8.99,broken clouds
588,Kieta,PG,-6.2167,155.6333,80.06,83,100,6.44,overcast clouds
589,Dingle,PH,10.9995,122.6711,74.71,83,88,11.16,overcast clouds
590,Balkanabat,TM,39.5108,54.3671,41.88,83,87,13.89,overcast clouds
591,Sosnovoborsk,RU,56.1325,93.3589,27.95,75,99,7.87,overcast clouds
592,Marawi,PH,7.9986,124.2928,66.65,91,18,1.97,few clouds
593,Praia Da Vitoria,PT,38.7333,-27.0667,60.76,88,75,15.59,broken clouds
594,Clemencia,CO,10.5665,-75.325,88.97,60,5,23.58,clear sky
595,Melilla,ES,35.2937,-2.9383,59.38,82,75,3.44,broken clouds
596,Krivosheino,RU,57.3431,83.9261,16.02,90,100,6.58,overcast clouds
597,Ulkan,RU,57.243,107.3223,18.1,95,100,8.43,light snow
598,Kuusamo,FI,65.9667,29.1833,17.64,86,100,10.36,overcast clouds
599,Maceio,BR,-9.6658,-35.7353,85.44,58,0,16.11,clear sky
600,Panaba,MX,21.2833,-88.2667,78.64,66,95,15.77,overcast clouds
601,Neyshabur,IR,36.2133,58.7958,41.94,68,87,5.23,overcast clouds
602,Ormara,PK,25.2088,64.6357,71.83,68,0,9.89,clear sky
603,Weligama,LK,5.9667,80.4167,73.96,86,10,5.28,clear sky
604,Antofagasta,CL,-23.65,-70.4,72.21,63,2,9.57,clear sky
605,Umba,RU,66.6871,34.3429,18.3,94,100,16.55,snow
606,Padang,ID,-0.9492,100.3543,74.16,97,100,1.7,overcast clouds
607,Craig,US,40.5153,-107.5464,29.39,74,10,2.89,clear sky
608,Dzaoudzi,YT,-12.7887,45.2699,84.09,79,0,14.97,clear sky
609,Jatiroto,ID,-7.8833,111.1167,73.65,90,70,0.83,broken clouds
610,Port-Gentil,GA,-0.7193,8.7815,79.79,80,15,8.97,few clouds
611,Esperance,AU,-33.8667,121.9,66.04,70,5,17.47,clear sky
612,Van Buren,US,35.4368,-94.3483,41.41,56,4,1.99,clear sky
613,Demyansk,RU,57.643,32.466,21.25,94,100,9.82,snow
614,Sumperk,CZ,49.9653,16.9706,38.75,83,97,8.88,overcast clouds
615,Biak,ID,-0.9131,122.8766,75.9,86,100,2.44,overcast clouds
616,Verkhovye,RU,52.8119,37.2425,2.39,100,98,7.07,overcast clouds
617,Stanton,US,33.8025,-117.9931,72.16,18,0,5.99,clear sky
618,Mao,ES,39.8885,4.2658,52.36,82,40,3.44,scattered clouds
619,Dolores,AR,-36.3132,-57.6792,62.8,79,100,11.07,light rain
620,Ust-Uda,RU,54.1742,103.0304,14.79,96,100,4.54,light snow
621,Odienne,CI,9.51,-7.5692,82.87,12,83,3.31,broken clouds
622,Central Point,US,42.376,-122.9164,53.4,52,0,2.15,clear sky
623,Great Falls,US,47.5002,-111.3008,44.17,46,100,11.01,overcast clouds
624,Diamantino,BR,-14.4086,-56.4461,87.13,62,31,2.55,scattered clouds
625,Yagodnoye,RU,62.55,149.6667,-26.97,84,10,3.67,clear sky
626,Boa Vista,BR,2.8197,-60.6733,89.58,45,75,12.66,broken clouds
627,Larsnes,NO,62.2028,5.5773,39.0,94,100,14.99,overcast clouds
628,Srednekolymsk,RU,67.45,153.6833,-39.71,99,39,3.8,scattered clouds
629,Sohbatpur,PK,28.5202,68.5434,62.24,29,0,9.42,clear sky
630,Trelew,AR,-43.249,-65.3051,68.31,34,0,12.93,clear sky
631,Suarez,CO,2.954,-76.6964,74.62,82,99,3.94,overcast clouds
632,Somerville,US,42.3876,-71.0995,26.26,63,26,5.01,snow
633,Eseka,CM,3.65,10.7667,77.95,77,10,3.94,clear sky
634,Gimli,CA,50.6336,-96.9907,8.13,72,100,9.22,overcast clouds
635,Livani,LV,56.3543,26.1758,32.27,90,100,9.78,overcast clouds
636,Praya,CV,14.9215,-23.5087,79.34,41,0,17.27,clear sky
637,Qorveh,IR,35.1664,47.8045,23.61,92,29,8.1,scattered clouds
638,Ranong,TH,9.9658,98.6348,75.6,89,34,5.44,scattered clouds
639,Solnechnyy,RU,50.7214,136.6319,2.21,98,100,1.25,overcast clouds
640,Bonwapitse,BW,-23.0766,26.7037,73.87,59,66,6.53,broken clouds
641,Coruripe,BR,-10.1256,-36.1756,83.52,57,100,13.56,overcast clouds
642,Henties Bay,NA,-22.116,14.2845,68.86,80,11,5.97,few clouds
643,Ratnagiri,IN,16.9833,73.3,69.76,83,11,5.41,few clouds
644,Bend,US,44.0582,-121.3153,47.98,52,0,1.01,clear sky
645,Kamyshevatskaya,RU,46.4132,37.9563,31.57,72,64,10.47,broken clouds
646,Cartagena,CO,10.3997,-75.5144,89.22,55,20,19.57,few clouds
647,Inhambane,MZ,-23.865,35.3833,80.58,78,40,13.0,scattered clouds
648,Ballina,AU,-28.8667,153.5667,71.56,75,75,16.11,broken clouds
649,Atherton,GB,53.5237,-2.4935,48.88,83,100,10.0,light rain
650,Sanjo,JP,37.6167,138.95,27.82,93,100,16.55,light snow
651,Sumbe,AO,-11.2061,13.8437,76.41,79,72,7.76,broken clouds
652,Belmonte,BR,-15.8631,-38.8828,82.9,69,69,9.98,broken clouds
653,Gangapur,IN,26.4833,76.7167,53.89,50,0,8.37,clear sky
654,Wanning,CN,18.8003,110.3967,65.91,83,97,8.75,overcast clouds
655,Koumra,TD,8.9126,17.5539,80.62,15,95,4.59,overcast clouds
656,Kyshtovka,RU,56.555,76.6271,12.43,86,100,6.71,overcast clouds
657,Carutapera,BR,-1.195,-46.02,79.11,88,100,8.25,overcast clouds
658,Klyuchi,RU,52.2667,79.1667,1.6,92,8,6.89,clear sky
659,Husavik,IS,66.0449,-17.3389,13.91,96,100,27.11,snow
